{
	"credit": "Made with Blockbench",
	"textures": {
		"0": "./lime_juice"
	},
	"elements": [
		{
			"name": "top",
			"from": [6, 13, 7.5],
			"to": [9, 14, 8.5],
			"faces": {
				"north": {"uv": [7, 2, 10, 3], "texture": "#0"},
				"east": {"uv": [7, 2, 8, 3], "texture": "#0"},
				"south": {"uv": [7, 2, 10, 3], "rotation": 180, "texture": "#0"},
				"west": {"uv": [9, 2, 10, 3], "texture": "#0"},
				"up": {"uv": [7, 2, 10, 3], "rotation": 180, "texture": "#0"}
			}
		},
		{
			"name": "bigtop",
			"from": [5, 11, 7.5],
			"to": [10, 13, 8.5],
			"faces": {
				"north": {"uv": [6, 3, 11, 5], "texture": "#0"},
				"east": {"uv": [6, 3, 7, 5], "texture": "#0"},
				"south": {"uv": [11, 3, 6, 5], "texture": "#0"},
				"west": {"uv": [10, 3, 11, 5], "texture": "#0"},
				"up": {"uv": [6, 3, 11, 4], "rotation": 180, "texture": "#0"},
				"down": {"uv": [6, 4, 11, 5], "rotation": 180, "texture": "#0"}
			}
		},
		{
			"name": "middle24",
			"from": [6, 9, 7.5],
			"to": [7, 11, 8.5],
			"faces": {
				"north": {"uv": [9, 5, 10, 7], "texture": "#0"},
				"east": {"uv": [9, 5, 10, 7], "texture": "#0"},
				"south": {"uv": [9, 5, 10, 7], "texture": "#0"},
				"west": {"uv": [9, 5, 10, 7], "texture": "#0"},
				"down": {"uv": [9, 6, 10, 7], "texture": "#0"}
			}
		},
		{
			"name": "middle23",
			"from": [8, 9, 7.5],
			"to": [9, 11, 8.5],
			"faces": {
				"north": {"uv": [7, 5, 8, 7], "texture": "#0"},
				"east": {"uv": [7, 5, 8, 7], "texture": "#0"},
				"south": {"uv": [7, 5, 8, 7], "texture": "#0"},
				"west": {"uv": [7, 5, 8, 7], "texture": "#0"},
				"down": {"uv": [7, 6, 8, 7], "texture": "#0"}
			}
		},
		{
			"name": "middle22",
			"from": [5, 8, 7.5],
			"to": [6, 9, 8.5],
			"faces": {
				"north": {"uv": [10, 7, 11, 8], "texture": "#0"},
				"east": {"uv": [10, 7, 11, 8], "texture": "#0"},
				"south": {"uv": [10, 7, 11, 8], "texture": "#0"},
				"west": {"uv": [10, 7, 11, 8], "texture": "#0"},
				"up": {"uv": [10, 7, 11, 8], "texture": "#0"}
			}
		},
		{
			"name": "middle21",
			"from": [9, 8, 7.5],
			"to": [10, 9, 8.5],
			"faces": {
				"north": {"uv": [6, 7, 7, 8], "texture": "#0"},
				"east": {"uv": [6, 7, 7, 8], "texture": "#0"},
				"south": {"uv": [6, 7, 7, 8], "texture": "#0"},
				"west": {"uv": [6, 7, 7, 8], "texture": "#0"},
				"up": {"uv": [6, 7, 7, 8], "texture": "#0"}
			}
		},
		{
			"name": "middle1",
			"from": [4, 7, 7.5],
			"to": [11, 8, 8.5],
			"faces": {
				"north": {"uv": [5, 8, 12, 9], "texture": "#0"},
				"east": {"uv": [5, 8, 6, 9], "texture": "#0"},
				"south": {"uv": [5, 8, 12, 9], "rotation": 180, "texture": "#0"},
				"west": {"uv": [11, 8, 12, 9], "texture": "#0"},
				"up": {"uv": [5, 8, 12, 9], "rotation": 180, "texture": "#0"}
			}
		},
		{
			"name": "bigmiddle",
			"from": [3, 2, 7.5],
			"to": [12, 7, 8.5],
			"faces": {
				"north": {"uv": [4, 9, 13, 14], "texture": "#0"},
				"east": {"uv": [4, 9, 5, 14], "texture": "#0"},
				"south": {"uv": [12.999, 9, 4, 14], "texture": "#0"},
				"west": {"uv": [12, 9, 13, 14], "texture": "#0"},
				"up": {"uv": [4, 9, 13, 10], "rotation": 180, "texture": "#0"},
				"down": {"uv": [4, 13, 13, 14], "rotation": 180, "texture": "#0"}
			}
		},
		{
			"name": "bottom",
			"from": [5, 1, 7.5],
			"to": [10, 2, 8.5],
			"faces": {
				"north": {"uv": [6, 14, 11, 15], "texture": "#0"},
				"east": {"uv": [6, 14, 11, 15], "texture": "#0"},
				"south": {"uv": [6, 14, 11, 15], "texture": "#0"},
				"west": {"uv": [6, 14, 11, 15], "texture": "#0"},
				"down": {"uv": [6, 14, 11, 15], "texture": "#0"}
			}
		}
	],
    "display": {
        "thirdperson_righthand": {
            "rotation": [ 0, 180, 0 ],
            "translation": [ 0, 3.0, 1 ],
            "scale": [ 0.55, 0.55, 0.55 ]
        },
        "thirdperson_lefthand": {
            "rotation": [ 0, 180, 0 ],
            "translation": [ 0, 3.0, 1 ],
            "scale": [ 0.55, 0.55, 0.55 ]
        },
        "firstperson_righthand": {
            "rotation": [ 0, 90, -26 ],
            "translation": [ 1, 3.25, 1.4 ],
            "scale": [ 0.68, 0.68, 0.68 ]
        },
        "firstperson_lefthand": {
            "rotation": [ 0, -90, 26 ],
            "translation": [ 1, 3.25, 1.4 ],
            "scale": [ 0.68, 0.68, 0.68 ]
        },
		"gui": {
            "rotation": [ 0, 180, 0 ],
            "translation": [ 0, 0, 0 ],
            "scale": [ 1, 1, 1 ]
        },
		"ground": {
		    "rotation": [ 0, 0, 0 ],
            "translation": [ 0, 2, 0 ],
            "scale": [ 0.5, 0.5, 0.5 ]
		}
		
    }
}